[
  {
    "id": "e070e37c-78c6-470f-b1be-6240655311cf",
    "data": [
      {
        "text": "I just gave you codes used for procedures",
        "userDefined": false
      }
    ],
    "isTemplate": false,
    "count": 0,
    "updated": 1548085924
  },
  {
    "id": "7143a6c2-e8e0-4677-8fa8-5a8faaa97e48",
    "data": [
      {
        "text": "Procedure codes",
        "userDefined": false
      }
    ],
    "isTemplate": false,
    "count": 0,
    "updated": 1548085924
  },
  {
    "id": "ea8defcd-b698-43c9-9ff1-3321ee4929e3",
    "data": [
      {
        "text": "Procedure",
        "userDefined": false
      }
    ],
    "isTemplate": false,
    "count": 0,
    "updated": 1548085924
  },
  {
    "id": "a9b7ddcd-1dfd-42ea-b5d3-718bc2e26af9",
    "data": [
      {
        "text": "These were procedure ICD codes",
        "userDefined": false
      }
    ],
    "isTemplate": false,
    "count": 0,
    "updated": 1548085924
  }
]