[
  {
    "id": "14343d26-8854-45ea-ae8a-777afe95fd6f",
    "data": [
      {
        "text": "repeat",
        "userDefined": false
      }
    ],
    "isTemplate": false,
    "count": 0,
    "updated": 0
  },
  {
    "id": "ee12a552-9591-47e7-b188-e2eb8c708d06",
    "data": [
      {
        "text": "do it again",
        "userDefined": false
      }
    ],
    "isTemplate": false,
    "count": 0,
    "updated": 0
  },
  {
    "id": "204c7edc-5c82-448d-b725-d2be58518a88",
    "data": [
      {
        "text": "please repeat that",
        "userDefined": false
      }
    ],
    "isTemplate": false,
    "count": 0,
    "updated": 0
  },
  {
    "id": "7d7eb630-dacc-423d-ab03-0419c0d8fe9a",
    "data": [
      {
        "text": "repeat these results",
        "userDefined": false
      }
    ],
    "isTemplate": false,
    "count": 0,
    "updated": 0
  },
  {
    "id": "6f815db1-af61-45ab-aaa4-d99f2bbf8c25",
    "data": [
      {
        "text": "repeat what you\u0027ve just said",
        "userDefined": false
      }
    ],
    "isTemplate": false,
    "count": 0,
    "updated": 0
  },
  {
    "id": "4f2578d8-a1bc-4c49-822c-3311929a8aec",
    "data": [
      {
        "text": "say it again",
        "userDefined": false
      }
    ],
    "isTemplate": false,
    "count": 0,
    "updated": 0
  },
  {
    "id": "db7248dd-4d8c-4084-a7e0-0d973b6ac82c",
    "data": [
      {
        "text": "come again",
        "userDefined": false
      }
    ],
    "isTemplate": false,
    "count": 0,
    "updated": 0
  },
  {
    "id": "a5452e61-2527-4d02-b656-09fa95fe7178",
    "data": [
      {
        "text": "could you repeat that",
        "userDefined": false
      }
    ],
    "isTemplate": false,
    "count": 0,
    "updated": 0
  },
  {
    "id": "0e9eaba4-eaef-4ca3-9661-0277b272fd0c",
    "data": [
      {
        "text": "repeat it",
        "userDefined": false
      }
    ],
    "isTemplate": false,
    "count": 0,
    "updated": 0
  },
  {
    "id": "28aa5c13-fa66-4c10-b048-7e2c9f090d16",
    "data": [
      {
        "text": "say the same again",
        "userDefined": false
      }
    ],
    "isTemplate": false,
    "count": 0,
    "updated": 0
  }
]