[
  {
    "id": "734882e2-f975-4d54-9d7e-b36aefbd62e3",
    "data": [
      {
        "text": "ICD-9",
        "userDefined": false
      }
    ],
    "isTemplate": false,
    "count": 0,
    "updated": 1547994467
  },
  {
    "id": "da5239dd-1541-4b69-9068-96678dd87b17",
    "data": [
      {
        "text": "Process some ICD codes",
        "userDefined": false
      }
    ],
    "isTemplate": false,
    "count": 0,
    "updated": 1547994467
  },
  {
    "id": "f7dcb7dd-3b5f-4587-8e6e-86517d477f6c",
    "data": [
      {
        "text": "Take a look at these ICD codes",
        "userDefined": false
      }
    ],
    "isTemplate": false,
    "count": 0,
    "updated": 1547994467
  },
  {
    "id": "d9f011d0-20ff-4719-bc3a-60d0c38aa140",
    "data": [
      {
        "text": "Analyse some ICD codes for me",
        "userDefined": false
      }
    ],
    "isTemplate": false,
    "count": 0,
    "updated": 1547994467
  }
]