[
  {
    "id": "4051383c-c377-44b6-a75e-9dc8ec76aef9",
    "data": [
      {
        "text": "Predict E-codes",
        "userDefined": false
      }
    ],
    "isTemplate": false,
    "count": 0,
    "updated": 1548087655
  },
  {
    "id": "8af24b1a-2424-4e79-a445-92f6c0510c90",
    "data": [
      {
        "text": "Tell me the E-code",
        "userDefined": false
      }
    ],
    "isTemplate": false,
    "count": 0,
    "updated": 1548087655
  },
  {
    "id": "769fc2ad-5107-4987-847b-47c3dce0388c",
    "data": [
      {
        "text": "What ecode do you ",
        "userDefined": false
      },
      {
        "text": "suggest",
        "meta": "@sys.ignore",
        "userDefined": true
      },
      {
        "text": "?",
        "userDefined": false
      }
    ],
    "isTemplate": false,
    "count": 0,
    "updated": 1548087655
  },
  {
    "id": "bd931d88-a21e-4589-8485-62cb5365148e",
    "data": [
      {
        "text": "What is the best fitting e-code please?",
        "userDefined": false
      }
    ],
    "isTemplate": false,
    "count": 0,
    "updated": 1548087655
  },
  {
    "id": "788ff2db-3667-49f5-8f54-a75911300113",
    "data": [
      {
        "text": "Predict the e-codes for me",
        "userDefined": false
      }
    ],
    "isTemplate": false,
    "count": 0,
    "updated": 1548087655
  },
  {
    "id": "91e44a2c-e803-4e31-9141-e641d38d06a6",
    "data": [
      {
        "text": "What is the ecode?",
        "userDefined": false
      }
    ],
    "isTemplate": false,
    "count": 0,
    "updated": 1548087655
  }
]