[
  {
    "id": "0bfe558c-eaf2-492c-aab5-ac9d65f8b02d",
    "data": [
      {
        "text": "What procedure should we try next?",
        "userDefined": false
      }
    ],
    "isTemplate": false,
    "count": 0,
    "updated": 1548087095
  },
  {
    "id": "b820b8e7-2d72-4661-8a56-fefc4969357f",
    "data": [
      {
        "text": "Please tell me the following procedure",
        "userDefined": false
      }
    ],
    "isTemplate": false,
    "count": 0,
    "updated": 1548087095
  },
  {
    "id": "d8722b05-b499-4489-ab57-a56a42c30398",
    "data": [
      {
        "text": "What is the next procedure?",
        "userDefined": false
      }
    ],
    "isTemplate": false,
    "count": 0,
    "updated": 1548087095
  },
  {
    "id": "87019c53-3f57-4e6b-a385-8efd9eb584e3",
    "data": [
      {
        "text": "Predict the next procedure for me",
        "userDefined": false
      }
    ],
    "isTemplate": false,
    "count": 0,
    "updated": 1548087095
  },
  {
    "id": "4c6290f6-89a7-459f-9f8f-5d91683ce4a8",
    "data": [
      {
        "text": "Next procedure",
        "userDefined": false
      }
    ],
    "isTemplate": false,
    "count": 0,
    "updated": 1548087095
  }
]