[
  {
    "id": "5375ef89-82a5-4469-ac7c-c1bd26ff65c6",
    "data": [
      {
        "text": "Time that patient has to stay in hospital",
        "userDefined": false
      }
    ],
    "isTemplate": false,
    "count": 0,
    "updated": 1548087393
  },
  {
    "id": "101e6208-86b6-4c95-b273-da12c7c291c4",
    "data": [
      {
        "text": "When will the patient be discharged?",
        "userDefined": false
      }
    ],
    "isTemplate": false,
    "count": 0,
    "updated": 1548087393
  },
  {
    "id": "b02c29ff-05cb-421b-9f81-cfeaaf3af013",
    "data": [
      {
        "text": "How long will the patient have to stay in the hospital?",
        "userDefined": false
      }
    ],
    "isTemplate": false,
    "count": 0,
    "updated": 1548087393
  },
  {
    "id": "19968903-7b34-4e8e-b2e4-69cb23b3a677",
    "data": [
      {
        "text": "Duration patient\u0027s stay",
        "userDefined": false
      }
    ],
    "isTemplate": false,
    "count": 0,
    "updated": 1548087393
  },
  {
    "id": "250991d2-8eac-466b-9ebd-320ee6e0b56b",
    "data": [
      {
        "text": "Duration hospital stay",
        "userDefined": false
      }
    ],
    "isTemplate": false,
    "count": 0,
    "updated": 1548087393
  },
  {
    "id": "14e0c8f5-46b2-4588-a528-e1fc8aabcd4f",
    "data": [
      {
        "text": "Tell me the duration of a patient\u0027s stay in the hospital",
        "userDefined": false
      }
    ],
    "isTemplate": false,
    "count": 0,
    "updated": 1548087393
  },
  {
    "id": "093fb782-4e19-4606-a7ff-1ccdae4e3466",
    "data": [
      {
        "text": "Calculate the length of the stay of a patient",
        "userDefined": false
      }
    ],
    "isTemplate": false,
    "count": 0,
    "updated": 1548087393
  }
]