[
  {
    "id": "064d9e1e-cbfb-4a37-99da-c0157773aaa6",
    "data": [
      {
        "text": "Diagnosises",
        "userDefined": false
      }
    ],
    "isTemplate": false,
    "count": 0,
    "updated": 1548086226
  },
  {
    "id": "fd5cacdd-0416-4fbe-abb0-ba3b48415df9",
    "data": [
      {
        "text": "These are diagnosis codes",
        "userDefined": false
      }
    ],
    "isTemplate": false,
    "count": 0,
    "updated": 1548086226
  },
  {
    "id": "33c2d1c2-d684-4a40-ba65-3f0d45ef1059",
    "data": [
      {
        "text": "Diagnosis",
        "userDefined": false
      }
    ],
    "isTemplate": false,
    "count": 0,
    "updated": 1548086226
  },
  {
    "id": "6b4b7f05-a779-4b6a-90f5-bb943c1b5159",
    "data": [
      {
        "text": "The codes I just gave you are used for diagnosis",
        "userDefined": false
      }
    ],
    "isTemplate": false,
    "count": 0,
    "updated": 1548086226
  }
]