[
  {
    "id": "08a3c948-6e3a-4768-8a62-328089cf1aa1",
    "data": [
      {
        "text": "translate",
        "userDefined": false
      }
    ],
    "isTemplate": false,
    "count": 1,
    "updated": 1547916705
  },
  {
    "id": "361197ef-3ec3-421e-9b55-d5e3d2f66fd5",
    "data": [
      {
        "text": "translate the text please",
        "userDefined": false
      }
    ],
    "isTemplate": false,
    "count": 0,
    "updated": 1547916705
  },
  {
    "id": "d1b2c328-78f6-4ac9-9de6-d172c54b63f1",
    "data": [
      {
        "text": "translate this text",
        "userDefined": false
      }
    ],
    "isTemplate": false,
    "count": 0,
    "updated": 1547916705
  }
]