[
  {
    "id": "462a2dad-243a-4d51-91eb-2ecb10160d90",
    "data": [
      {
        "text": "repeat",
        "userDefined": false
      }
    ],
    "isTemplate": false,
    "count": 0,
    "updated": 0
  },
  {
    "id": "0229f3cf-9896-4aed-aafc-7f745b41db7d",
    "data": [
      {
        "text": "do it again",
        "userDefined": false
      }
    ],
    "isTemplate": false,
    "count": 0,
    "updated": 0
  },
  {
    "id": "d5124255-0f56-4643-b573-d2d3da1c3965",
    "data": [
      {
        "text": "please repeat that",
        "userDefined": false
      }
    ],
    "isTemplate": false,
    "count": 0,
    "updated": 0
  },
  {
    "id": "0f586d85-0ef4-4d83-99f7-d46839d4889b",
    "data": [
      {
        "text": "repeat these results",
        "userDefined": false
      }
    ],
    "isTemplate": false,
    "count": 0,
    "updated": 0
  },
  {
    "id": "46a1ada1-b6a9-4bdd-bca1-5bbd552c7cf0",
    "data": [
      {
        "text": "repeat what you\u0027ve just said",
        "userDefined": false
      }
    ],
    "isTemplate": false,
    "count": 0,
    "updated": 0
  },
  {
    "id": "3ea846f9-169d-4b2c-bca9-97cb5b385400",
    "data": [
      {
        "text": "say it again",
        "userDefined": false
      }
    ],
    "isTemplate": false,
    "count": 0,
    "updated": 0
  },
  {
    "id": "466e47b3-f310-4fc9-91bd-35f64ac99880",
    "data": [
      {
        "text": "come again",
        "userDefined": false
      }
    ],
    "isTemplate": false,
    "count": 0,
    "updated": 0
  },
  {
    "id": "b2bef197-8aa5-4cd2-9e47-3bf87e65213a",
    "data": [
      {
        "text": "could you repeat that",
        "userDefined": false
      }
    ],
    "isTemplate": false,
    "count": 0,
    "updated": 0
  },
  {
    "id": "896022a4-cd02-4b74-8752-9282e1cf2fe8",
    "data": [
      {
        "text": "repeat it",
        "userDefined": false
      }
    ],
    "isTemplate": false,
    "count": 0,
    "updated": 0
  },
  {
    "id": "c8fbc25f-0e5b-4139-a45c-e1853b015a26",
    "data": [
      {
        "text": "say the same again",
        "userDefined": false
      }
    ],
    "isTemplate": false,
    "count": 0,
    "updated": 0
  }
]