[
  {
    "id": "7691748b-4c09-445e-8cf7-6c3d657c9b8a",
    "data": [
      {
        "text": "Search key words please",
        "userDefined": false
      }
    ],
    "isTemplate": false,
    "count": 0,
    "updated": 1547917440
  },
  {
    "id": "b7728c50-47e4-482d-a796-7e23bd6a0ad7",
    "data": [
      {
        "text": "Find the key words",
        "userDefined": false
      }
    ],
    "isTemplate": false,
    "count": 0,
    "updated": 1547917440
  },
  {
    "id": "25e6a301-7a7b-4333-b837-e53525b0f8bc",
    "data": [
      {
        "text": "Search the internet for the keywords",
        "userDefined": false
      }
    ],
    "isTemplate": false,
    "count": 0,
    "updated": 1547917216
  },
  {
    "id": "ba257be0-65fd-4db7-87ba-42bcd26aaa99",
    "data": [
      {
        "text": "Look up some keywords on the internet",
        "userDefined": false
      }
    ],
    "isTemplate": false,
    "count": 0,
    "updated": 1547917216
  },
  {
    "id": "55d0c72c-16d9-4d86-9c63-1f7363cb38c9",
    "data": [
      {
        "text": "Find some keywords",
        "userDefined": false
      }
    ],
    "isTemplate": false,
    "count": 0,
    "updated": 1547917216
  },
  {
    "id": "8db81dd2-068a-4b5a-93b1-93ed49119178",
    "data": [
      {
        "text": "Get the most relevant keywords",
        "userDefined": false
      }
    ],
    "isTemplate": false,
    "count": 0,
    "updated": 1547917216
  }
]