[
  {
    "id": "312fef03-2846-4153-b493-de8b4ad2c6b0",
    "data": [
      {
        "text": "text medical information that needs to be analysed",
        "userDefined": false
      }
    ],
    "isTemplate": false,
    "count": 0,
    "updated": 1547916308
  },
  {
    "id": "107f6ab1-408f-4ac1-b25e-0cb623c2d39b",
    "data": [
      {
        "text": "text, it really doesn\u0027t matter wat the second part of this sentence is",
        "userDefined": false
      }
    ],
    "isTemplate": false,
    "count": 0,
    "updated": 1547916308
  },
  {
    "id": "41f6cde7-daeb-4eda-a95d-7301a14bb93f",
    "data": [
      {
        "text": "text: this can be anything",
        "userDefined": false
      }
    ],
    "isTemplate": false,
    "count": 0,
    "updated": 1547916308
  },
  {
    "id": "94fb4bdc-cd10-45c4-afa6-d39d55757aea",
    "data": [
      {
        "text": "text:",
        "userDefined": false
      }
    ],
    "isTemplate": false,
    "count": 0,
    "updated": 1547916308
  }
]