[
  {
    "id": "e32f58cf-d20f-470e-a863-384fa221c6da",
    "data": [
      {
        "text": "I\u0027ve got some text for you to look at",
        "userDefined": false
      }
    ],
    "isTemplate": false,
    "count": 0,
    "updated": 1547913523
  },
  {
    "id": "f2af49c9-bdbb-408f-9922-6834cd6ab300",
    "data": [
      {
        "text": "Analyse this text",
        "userDefined": false
      }
    ],
    "isTemplate": false,
    "count": 0,
    "updated": 1547913523
  },
  {
    "id": "cf8b4e36-c992-4d43-927a-17a2a34c7d0d",
    "data": [
      {
        "text": "Could you check some text, please?",
        "userDefined": false
      }
    ],
    "isTemplate": false,
    "count": 0,
    "updated": 1547913523
  },
  {
    "id": "cd607748-2c10-4cc5-a2ae-5f9fe2570d87",
    "data": [
      {
        "text": "Analyse some text for me",
        "userDefined": false
      }
    ],
    "isTemplate": false,
    "count": 0,
    "updated": 1547913523
  }
]