[
  {
    "id": "a8eab558-c2cf-4a54-8be0-18863d135bb4",
    "data": [
      {
        "text": "Find the necessary medical data",
        "userDefined": false
      }
    ],
    "isTemplate": false,
    "count": 0,
    "updated": 1547917081
  },
  {
    "id": "6a64c390-111b-4535-9aa6-659cca48cb1d",
    "data": [
      {
        "text": "Return the most relevant data",
        "userDefined": false
      }
    ],
    "isTemplate": false,
    "count": 0,
    "updated": 1547917081
  },
  {
    "id": "920a5db2-44b6-4f63-943e-228e86c10e0a",
    "data": [
      {
        "text": "Get the relevant medical data",
        "userDefined": false
      }
    ],
    "isTemplate": false,
    "count": 0,
    "updated": 1547917081
  }
]